keyword,vector
首歌,[-0.28228477]
苦情,[0.19198105]
喜欢,[0.33338946]
还有,[-0.45760491]
