keyword,valence_value
首歌,0.8014637224121713
苦情,0.6568227839030787
喜欢,0.6980431848852898
还有,0.5262849574652333
