keyword,valence_value
直播,0.33333333333333337
冰箱,0.4657534246575339
大笑,0.6774193548387093
一个月,0.37144557590598437
不上,0.35324840037432936
亲亲,0.5
想不出,0.4174204528537696
大哭,0.7099148741313376
实在,0.3047790802524796
其实,0.5262849574652333
大家,0.5262849574652333
应该,0.5262849574652333
什么,0.5262849574652333
