keyword,valence_value
演个,0.5
刚看,0.5602783784863726
下架,0.33445116183610324
荣迷们,0.5
鼓手,0.5
首歌,0.8014637224121713
初中生,0.5467032696865423
二十多岁,0.42048739766394316
可恶,0.09375
大哭,0.7099148741313376
毫无,0.2588235294117647
怀疑,0.3005464480874315
不曾,0.9523809523809523
哥哥,0.9696969696969697
昨天,0.6433121019108278
更是,0.5739130434782608
越来越,0.5886075949367088
希望,0.562893081761006
压力,0.8235294117647058
了解,0.5262849574652333
因为,0.5262849574652333
