keyword,valence_value
大哭,0.7099148741313376
粤语,0.5
语种,0.5
听不懂,0.42723320715445556
好听,0.33333333333333337
网易,0.5
连个,0.13953488372093004
唱歌,0.5833333333333331
适合,0.618994413407821
音乐,0.6621621621621622
感觉,0.5485500878734622
虽然,0.5262849574652333
但是,0.5262849574652333
就是,0.5262849574652333
没有,0.5262849574652333
