keyword,valence_value
封面,0.7359999999999998
发现,0.4230317273795533
一个,0.5051738410596026
