keyword,valence_value
大哭,0.7099148741313376
拾荒者,0.8630283183963514
三人行,0.41226427322188686
AV,0.5
念旧,0.8822541556837744
忍痛,0.5
网易,0.5
连个,0.13953488372093004
流泪,0.7999999999999997
下载,0.38148148148148164
音乐,0.6621621621621622
一对,0.5262849574652333
永远,0.6870748299319726
手机,0.5593220338983046
一只,0.4444444444444442
为了,0.5262849574652333
但是,0.5262849574652333
没有,0.5262849574652333
