keyword,valence_value
bow,0.5
take,0.5262849574652333
节目预告,0.4405899213866801
右上角,0.12934244367666659
勒索,0.5
点击,0.4166666666666664
网易,0.5
不是,0.3689479060265576
音乐,0.6621621621621622
怎么办,0.34061135371178997
同意,0.34408602150537626
要是,0.5262849574652333
教育,0.7926267281105991
你们,0.5262849574652333
那么,0.5262849574652333
知道,0.5262849574652333
中国,0.7349726775956285
一个,0.5051738410596026
