keyword,valence_value
哀伤,0.9660147938057809
姚贝娜,0.4737150425347657
歌名,0.6463305207643936
KTV,0.08333333333333326
这歌,0.7272727272727271
歌者,0.5
之歌,0.7272727272727271
网易,0.5
生病,0.47058823529411753
大哭,0.7099148741313376
开心,0.7428571428571427
随便,0.2891566265060238
音乐,0.6621621621621622
感觉,0.5485500878734622
想到,0.5855614973262034
以为,0.5262849574652333
无法,0.5262849574652333
真正,0.5262849574652333
完全,0.5262849574652333
显示,0.34013605442176875
不是,0.3689479060265576
