keyword,arousal_value
首歌,0.3979035639745546
苦情,0.20987175543936143
喜欢,0.20087336244541487
还有,0.4032472717593826
