keyword,arousal_value
封面,0.43396226415094363
发现,0.35838150289017345
一个,0.29671361502347426
